159	157	119	116	185	111	118	168	126	85	123	88	136	185	147	236	147	117	150	33	159	226	133	69	139	222	36	111	92	161	129	115	134	157	123	68	242	125	133	87	115	99	119	129	88	94	142	213	186	188	91	107	218	133	145	93	145	139	120	66	194	138	122	170	99	126	122	117	126	101	146	123	119	112	180	71	123	116	300	227	178	91	126	150	153	82	123	200	114	106	101	118	116	194	93	150	118	92	111	76	112	136	132	150	88	159	124	110	109	121	132	108	162	121	118	189	76	144	151	154	114	107	111	82	153	125	125	129	87	114	141	92	108	90	173	67	161	124	187	220	135	102	149	88	168	82	91	141	30	143	111	118	90	142	127	155	113	103	90	158	107	72	180	99	210	75	112	128	127	103	147	115	106	129	83	120	66	173	136	169	166	89	101
96	75	71	47	80	62	73	64	81	57	61	59	56	85	64	117	58	50	66	21	73	111	67	30	97	128	12	34	42	86	73	75	70	86	88	36	132	38	63	42	49	49	54	49	35	28	71	134	65	75	44	62	119	82	65	47	54	78	54	44	88	74	62	55	47	66	49	41	72	40	59	66	64	43	76	33	42	46	165	142	76	58	62	60	88	55	45	69	49	46	35	38	51	77	38	74	70	59	46	39	63	60	73	69	44	68	62	74	63	82	60	57	85	46	73	87	31	52	65	68	49	56	82	41	74	71	48	78	43	52	56	42	58	37	75	41	82	69	83	102	46	40	91	42	83	49	37	59	21	47	40	83	60	83	51	92	50	41	58	76	56	32	77	53	94	33	54	80	64	56	83	64	32	66	40	54	26	87	76	75	87	43	39
117	106	62	76	86	55	75	59	67	40	76	53	48	88	81	136	91	75	58	27	67	147	73	23	58	97	18	51	41	96	64	65	72	70	62	53	125	42	78	37	56	62	72	48	45	63	66	95	83	109	47	63	101	82	64	61	69	75	67	44	93	72	72	67	61	88	66	46	83	55	74	55	57	64	91	50	46	58	159	136	94	54	66	65	78	44	64	99	56	50	54	52	66	100	47	75	83	65	69	45	65	84	71	74	44	94	30	74	51	62	49	49	93	56	78	92	40	63	63	72	52	49	66	45	67	77	63	71	44	65	63	54	57	50	66	35	75	55	109	118	56	63	80	54	91	39	47	69	17	59	54	75	44	80	76	85	57	64	55	79	57	52	109	56	103	34	48	72	60	55	75	49	41	89	46	60	30	115	75	90	106	47	46
92	100	67	82	113	55	71	78	82	50	90	59	65	110	90	132	114	59	75	25	88	120	88	56	68	107	16	53	47	95	60	60	87	106	64	71	131	44	67	54	56	75	64	66	52	43	84	132	100	102	59	56	140	80	83	47	57	69	68	43	108	78	57	83	59	82	65	57	76	55	90	67	84	62	88	61	65	74	182	154	116	73	73	101	104	53	67	121	67	82	57	67	75	107	51	81	84	69	79	50	85	93	110	81	51	71	74	117	62	71	66	52	76	57	82	82	46	64	83	87	58	57	92	55	85	80	57	86	65	54	69	60	77	56	91	42	92	61	102	151	68	61	101	64	109	53	35	68	15	64	47	73	71	91	67	68	59	50	63	77	69	47	104	52	147	38	64	80	64	72	94	55	57	87	48	81	36	120	85	113	113	58	43
165	132	94	109	179	112	150	143	149	110	153	104	164	218	167	317	169	143	102	43	133	353	165	54	151	261	38	118	86	210	127	91	169	170	142	106	239	87	137	96	125	137	99	156	117	103	148	271	238	128	91	113	232	137	146	82	149	203	140	86	154	134	127	149	117	162	244	81	149	98	117	192	131	95	277	120	101	147	233	231	281	84	168	130	158	91	93	216	141	131	119	110	124	191	104	192	151	116	133	120	103	136	123	197	115	298	127	205	147	159	136	127	183	308	156	161	80	129	156	206	154	95	150	68	151	188	100	208	135	91	184	102	165	97	166	90	201	163	156	231	144	113	212	92	134	81	94	199	34	122	107	140	102	146	104	174	191	103	106	184	264	93	175	82	193	69	114	149	146	124	149	117	93	114	83	94	73	153	190	177	153	150	111
167	122	80	108	149	89	93	119	108	105	120	89	123	164	168	181	156	73	123	21	108	347	123	67	94	223	35	90	75	154	68	70	100	130	98	87	172	86	107	74	112	71	92	84	113	83	123	166	153	98	73	103	192	100	103	61	89	150	132	63	134	93	110	146	91	101	347	53	152	57	118	112	117	87	210	70	67	105	201	207	173	79	125	105	103	81	93	130	104	110	75	79	83	165	82	118	114	87	78	206	113	115	97	148	84	214	78	155	123	118	85	102	144	476	85	128	72	92	107	148	135	83	99	71	89	123	80	109	161	80	134	81	106	92	104	67	150	110	137	207	94	73	113	67	132	55	57	191	21	83	105	115	81	129	95	123	101	64	64	149	451	64	158	66	139	55	96	120	99	109	104	110	61	81	69	71	63	118	126	150	136	147	87
126	95	74	97	121	68	79	89	95	58	94	83	115	134	110	165	121	75	79	27	80	226	87	57	78	158	29	58	51	121	75	76	91	108	64	66	116	46	83	53	68	64	68	70	82	74	112	112	136	109	49	81	141	79	104	66	93	122	110	42	92	50	79	108	69	82	198	57	114	61	85	97	67	61	167	66	62	89	127	135	133	64	109	78	92	64	69	98	90	74	46	73	79	104	78	113	107	105	74	100	84	90	85	120	52	167	67	97	66	112	78	72	135	251	82	97	41	73	76	111	96	76	70	49	86	88	76	86	112	56	102	64	73	71	98	58	124	88	107	142	61	56	109	51	99	53	47	116	25	71	55	97	76	80	70	97	107	53	62	146	219	51	116	56	117	38	70	87	88	95	108	87	56	95	70	58	56	113	96	108	95	95	82
230	123	120	147	223	192	181	166	172	149	298	194	205	271	1848	401	288	124	192	59	134	1515	193	185	159	1713	94	167	114	340	123	135	267	229	120	93	346	143	250	224	265	149	144	149	158	115	226	383	261	173	95	298	436	187	172	123	213	369	442	101	167	158	160	223	208	166	7244	101	1873	114	153	190	152	85	399	220	179	210	422	525	424	112	139	149	183	97	423	237	238	178	161	102	123	305	142	281	237	165	102	3511	252	436	201	428	134	358	138	328	120	233	148	183	278	11588	170	245	87	201	335	382	252	209	207	129	203	184	122	245	2673	93	239	106	195	145	203	84	295	234	429	308	212	112	174	136	305	127	54	462	27	149	103	154	145	133	124	184	183	96	86	227	11132	145	341	114	288	35	163	260	217	176	252	220	119	164	108	112	72	209	251	548	253	225	67
106	117	78	83	148	66	77	73	113	129	113	64	83	107	108	210	113	74	107	43	134	197	114	51	112	138	28	85	96	111	84	84	128	117	105	61	200	107	89	77	82	111	71	75	64	59	90	237	119	115	68	88	164	109	71	49	100	108	65	52	128	121	79	81	108	92	66	80	105	65	109	93	89	103	156	70	106	133	184	175	142	74	96	90	99	42	103	135	120	96	75	59	98	114	76	136	115	98	72	60	99	97	60	127	66	97	61	108	72	85	70	104	118	70	100	101	55	87	111	122	48	71	118	62	115	104	60	136	69	78	84	93	76	63	101	58	122	131	142	190	92	82	132	97	91	53	76	86	35	100	58	99	104	153	100	152	77	39	82	111	76	67	122	55	104	56	54	104	76	92	99	84	73	119	74	64	59	103	109	132	139	52	70
59	48	32	35	75	30	55	33	28	27	56	28	36	54	41	159	53	24	51	18	36	83	49	23	91	76	7	41	29	77	46	33	68	67	57	27	102	33	35	40	36	54	30	28	24	23	43	175	55	40	20	43	89	39	44	26	27	46	34	30	62	53	32	30	55	31	25	36	41	43	52	42	46	30	90	47	66	69	95	110	103	26	45	40	74	14	17	82	40	30	36	43	60	44	16	77	19	48	29	30	29	54	44	62	44	67	32	84	24	54	32	49	43	32	39	73	12	55	58	49	21	25	59	31	76	44	29	90	36	34	35	37	44	49	73	28	62	68	56	78	53	38	91	36	60	28	26	49	10	41	25	42	47	34	25	77	54	25	30	47	51	22	43	31	54	26	22	55	34	29	61	43	24	53	25	26	19	69	58	67	64	31	36
40	46	24	21	39	17	38	33	33	15	35	20	18	49	29	91	21	18	33	15	36	47	30	12	67	50	6	25	19	52	26	22	30	47	41	16	65	14	28	24	21	39	26	29	16	16	23	72	45	20	20	19	57	24	26	15	18	33	29	10	38	28	25	32	25	26	26	25	32	26	41	27	21	21	74	28	27	42	65	52	50	21	35	28	41	23	20	54	52	28	18	22	46	43	14	58	33	27	29	19	19	40	17	37	25	32	14	42	14	29	16	26	42	30	32	54	12	33	27	33	23	21	37	16	39	29	30	59	21	21	27	27	25	22	25	20	40	32	35	45	19	29	44	22	34	19	13	47	8	21	18	26	27	33	10	71	34	19	24	30	19	20	31	14	42	14	25	37	24	23	34	27	16	27	17	18	20	40	26	36	40	17	22
112	149	71	82	98	73	81	87	85	79	96	63	69	110	97	148	104	83	92	27	111	171	121	60	120	156	11	62	42	166	80	86	103	124	123	77	167	66	95	54	74	77	86	97	58	81	86	205	118	127	74	73	201	106	108	73	66	108	103	47	151	96	97	86	86	69	82	78	85	67	111	74	134	54	146	64	77	90	177	209	146	70	90	97	134	49	81	151	108	53	78	66	71	124	60	130	91	89	84	46	86	113	82	107	68	93	79	92	50	97	65	74	90	56	115	126	42	86	112	131	65	88	78	39	126	101	51	108	53	64	61	67	95	64	131	49	119	112	149	195	86	51	130	85	123	63	53	109	20	82	65	85	126	114	54	148	83	41	73	94	71	34	108	68	127	43	69	82	73	76	98	91	62	127	50	94	49	98	121	98	134	58	64
85	152	63	85	123	47	113	65	80	52	91	69	68	140	109	121	97	88	107	14	80	203	136	67	78	147	11	59	63	119	66	101	108	89	115	86	168	41	103	72	110	66	102	96	57	57	71	186	163	90	32	37	145	120	115	52	84	104	49	37	170	105	67	49	54	95	61	82	59	69	95	92	169	70	96	57	113	95	163	213	88	93	69	82	92	37	64	121	109	116	69	55	44	101	29	147	115	132	67	51	102	93	60	73	55	92	112	63	60	74	78	62	77	39	55	99	53	88	150	60	50	62	96	36	159	118	97	67	48	78	45	49	94	43	72	50	159	83	167	308	85	48	100	86	140	43	56	101	11	89	37	68	88	120	54	124	74	30	85	61	64	22	87	93	91	42	53	45	62	67	80	80	42	109	67	108	41	110	99	74	133	40	73
40	90	44	46	67	39	53	54	55	29	57	51	42	76	57	57	70	60	83	6	52	124	66	18	63	97	4	33	42	59	56	67	64	56	78	49	87	24	68	31	60	34	59	54	28	30	39	101	113	77	34	25	81	69	59	23	78	48	34	33	102	68	65	51	36	52	53	65	40	29	43	55	101	36	59	21	37	42	120	160	52	57	36	52	58	25	38	91	42	71	39	31	37	110	29	79	66	61	37	25	45	54	40	55	29	49	49	44	41	35	56	31	57	28	55	82	30	60	66	38	23	52	41	27	87	54	56	47	23	54	39	33	57	32	68	32	86	46	85	124	41	42	64	56	60	58	39	52	8	48	34	72	58	103	40	70	44	31	43	38	37	14	59	65	67	31	69	46	29	52	34	44	34	96	47	71	42	67	76	42	78	27	46
23	41	19	21	40	15	28	24	28	24	26	20	19	20	23	40	22	20	33	8	18	49	32	16	14	42	4	15	18	44	16	34	37	22	31	23	58	9	34	14	20	30	24	21	18	18	13	60	30	32	9	12	52	39	23	23	28	30	19	15	44	36	22	18	18	41	19	19	25	22	28	17	35	19	37	15	20	30	42	68	33	24	32	38	35	10	17	35	32	37	17	19	18	32	13	39	23	26	15	9	22	23	17	34	20	23	17	24	25	20	24	18	28	13	19	30	24	37	30	21	15	18	22	18	34	35	19	28	13	28	20	12	26	19	37	13	30	33	38	65	14	21	39	10	34	14	11	18	8	17	17	16	22	43	11	42	21	19	18	15	24	6	34	27	26	13	29	26	16	13	24	21	13	38	19	24	18	20	37	17	34	16	22
99	182	73	127	197	65	131	74	92	56	124	69	84	177	150	106	155	122	180	12	96	284	134	99	88	194	12	55	84	106	97	135	146	104	156	154	203	45	145	71	150	92	142	103	51	52	57	187	218	151	54	44	173	125	216	84	120	127	45	36	232	127	89	103	85	135	110	108	91	76	136	88	228	104	106	65	121	97	186	277	134	143	78	101	106	40	79	144	104	226	84	54	67	124	39	181	137	173	97	69	133	152	66	95	51	89	162	70	101	90	64	73	146	58	77	159	68	80	150	91	48	57	85	43	300	121	163	122	28	95	89	59	151	67	79	93	182	118	215	437	105	50	106	96	165	82	81	141	24	71	58	105	139	172	66	115	77	39	87	84	66	23	116	119	97	76	93	80	73	71	77	89	60	158	124	132	65	126	222	62	196	76	98
152	97	66	117	167	97	147	114	106	86	133	95	138	174	164	319	125	84	103	41	116	179	130	63	197	210	34	111	79	218	97	71	128	161	121	89	189	78	105	99	82	158	82	133	77	76	96	213	211	138	93	123	260	106	119	107	96	145	71	74	135	101	112	102	142	110	134	74	136	104	127	111	92	59	265	122	113	170	208	208	225	77	124	127	161	83	80	198	88	97	63	104	132	129	87	177	100	89	108	84	83	129	95	156	79	154	104	171	80	101	132	98	141	132	129	183	54	121	107	196	106	65	144	71	139	118	95	176	97	65	122	86	109	94	144	86	176	176	145	194	118	100	165	93	125	79	86	135	22	113	75	114	75	126	105	165	138	89	74	179	126	77	129	62	116	43	101	110	74	88	153	116	56	97	87	62	65	121	162	131	139	74	73
103	67	58	68	120	73	110	91	64	77	85	46	68	167	104	308	92	68	90	38	66	145	78	54	148	111	29	82	63	156	78	44	83	110	98	47	141	44	91	94	57	142	63	89	68	45	68	285	160	89	80	67	177	66	96	61	53	97	59	44	102	55	95	72	104	43	123	60	108	59	85	83	97	54	228	100	80	118	158	153	230	56	89	83	132	52	56	175	68	46	64	77	112	107	51	126	59	65	85	73	63	123	73	129	86	125	70	171	70	88	85	71	83	120	96	165	50	107	95	128	74	63	78	52	108	101	67	205	85	47	90	61	84	74	93	55	124	112	107	121	99	60	149	81	118	49	57	122	17	83	52	88	68	88	81	123	121	38	63	132	110	59	76	46	132	50	55	94	69	57	119	63	39	82	66	47	42	91	96	114	118	53	54
86	77	53	57	76	62	68	97	85	81	82	53	71	84	60	165	80	49	65	32	71	128	73	53	95	77	26	62	61	203	52	61	85	80	62	53	106	49	90	86	55	89	71	74	77	65	58	160	109	72	50	60	161	71	109	93	64	82	80	50	108	54	71	86	69	53	95	55	84	52	94	67	128	44	171	69	72	68	152	130	122	50	87	99	110	60	49	136	60	61	75	47	66	62	60	72	55	48	79	52	53	66	68	113	54	90	67	97	106	60	57	64	102	80	101	126	41	86	73	101	69	63	48	31	71	108	54	96	56	40	85	43	59	71	90	46	112	75	76	122	57	42	115	57	78	48	43	108	24	72	47	78	57	65	50	88	65	49	67	105	72	47	97	48	101	32	53	62	55	41	75	54	42	63	58	57	33	75	95	83	112	85	66
123	123	71	97	139	88	138	86	93	66	113	78	68	127	253	216	108	110	124	50	106	203	113	89	99	205	27	75	70	227	69	55	100	113	116	69	174	55	106	96	65	120	98	105	93	82	79	248	152	96	81	96	192	96	143	84	73	149	87	48	163	95	98	100	119	82	456	68	221	54	122	93	137	50	226	107	92	107	227	174	158	75	96	119	149	58	104	152	88	79	77	88	79	126	66	112	78	94	89	358	85	144	96	180	74	125	96	133	76	78	114	76	118	1430	93	175	67	112	102	142	100	91	57	53	112	106	76	130	335	65	73	66	100	73	109	65	163	132	164	243	96	66	123	79	138	63	56	143	21	91	56	99	84	102	64	101	91	83	79	115	915	47	119	55	142	45	91	79	77	100	100	74	46	115	75	97	49	103	104	118	149	91	87
54	51	30	66	116	50	65	41	47	28	52	44	34	83	66	127	57	39	46	21	48	70	39	35	75	78	13	43	33	52	33	32	42	58	50	48	99	41	51	42	41	80	37	64	34	29	40	146	69	47	29	54	87	51	48	30	30	62	41	27	46	42	40	39	58	42	70	42	62	45	44	47	51	18	87	81	55	60	94	77	84	36	51	54	65	45	65	69	27	68	40	34	61	76	33	84	47	37	43	47	44	73	46	75	44	66	47	107	26	49	44	47	52	110	47	67	25	42	36	58	42	26	56	43	53	54	68	88	57	36	34	43	76	41	79	41	56	75	54	89	64	28	85	58	102	27	19	48	14	37	29	60	56	45	28	59	48	19	35	68	88	26	41	27	43	31	39	62	36	56	56	28	28	57	54	52	16	46	81	47	60	29	30
30	19	19	17	44	19	33	16	25	12	27	19	21	41	52	88	19	12	26	20	24	39	23	19	43	36	11	29	23	41	17	15	16	35	26	17	46	17	24	20	17	38	18	22	19	12	20	99	28	24	18	15	39	17	26	13	26	26	16	15	20	18	25	22	28	23	42	20	33	14	29	36	29	10	38	40	22	30	40	38	52	19	17	22	27	22	16	27	18	10	23	17	26	28	12	29	25	23	26	40	23	30	18	46	21	42	10	40	9	34	18	26	28	96	19	42	14	17	23	23	25	17	25	19	24	28	19	50	56	17	17	19	31	19	44	12	39	39	26	32	39	19	49	22	44	15	10	25	3	27	17	22	27	20	16	26	38	18	20	32	89	9	17	10	28	15	19	25	37	13	35	20	16	25	14	15	12	30	27	35	33	13	15
26	12	14	12	39	12	26	13	25	16	9	16	13	24	26	57	18	10	22	8	22	24	22	5	24	26	3	10	20	34	14	10	17	28	17	25	43	9	17	10	13	27	8	16	11	7	17	54	30	22	11	22	40	16	17	11	16	21	17	13	13	8	15	17	22	16	29	21	18	19	14	21	21	9	34	26	14	30	24	31	43	9	15	18	18	22	28	31	9	15	12	27	21	26	16	27	19	23	23	18	19	14	16	19	15	29	12	40	9	22	10	14	25	44	13	33	13	21	26	24	12	19	21	9	23	19	11	32	22	10	20	19	26	19	26	10	16	25	17	31	22	19	23	18	44	12	10	18	3	11	11	19	24	29	10	31	25	14	12	24	19	17	28	14	21	19	10	20	23	14	32	15	17	29	23	19	5	30	25	16	20	14	15
85	36	39	54	79	48	57	34	37	40	60	64	39	86	636	272	44	37	66	39	51	90	58	99	92	217	23	55	42	57	50	39	75	68	51	51	129	46	61	65	38	42	22	53	49	26	38	152	72	74	24	53	99	44	45	25	36	49	41	24	47	54	35	34	67	50	1704	35	609	26	45	44	60	12	104	125	44	78	150	88	89	42	64	49	69	44	91	75	33	42	49	25	54	51	35	72	34	40	36	1444	44	142	74	125	38	55	26	83	33	51	34	51	75	4537	40	112	33	61	76	49	35	32	60	52	55	53	56	103	1390	23	47	31	70	41	88	28	70	87	133	76	62	33	66	64	177	31	24	59	8	46	29	50	83	38	46	62	43	32	22	46	2757	34	96	36	40	14	32	73	49	30	105	51	27	51	35	27	14	63	81	59	74	25	25
68	77	47	64	65	52	67	53	65	25	55	50	45	74	59	145	66	50	51	19	71	117	49	35	66	101	20	52	33	74	48	48	49	80	47	42	107	48	71	39	46	53	55	47	35	32	53	115	82	67	32	52	110	73	58	30	67	54	46	31	79	56	46	49	52	47	52	34	69	48	62	60	52	40	79	48	45	45	128	99	71	45	61	66	66	34	43	66	55	55	44	39	58	65	50	81	58	50	37	22	40	57	44	85	44	77	28	106	45	60	55	35	61	53	49	88	25	75	68	59	53	39	50	34	70	72	43	65	38	41	38	42	50	46	61	37	90	48	77	100	50	42	88	47	68	49	33	70	17	51	41	55	40	72	66	70	56	33	48	69	58	36	53	69	74	37	54	58	42	44	65	61	31	63	39	54	26	82	75	61	76	41	50
131	94	51	66	147	49	90	71	75	47	56	55	55	158	83	299	54	53	75	40	58	114	69	37	117	131	13	52	42	110	65	52	85	134	86	48	197	54	67	36	35	117	59	71	46	35	48	294	77	87	43	63	151	66	80	40	64	69	69	44	82	74	63	55	61	65	75	60	66	80	54	64	53	36	151	91	70	83	144	130	154	60	81	54	106	46	41	115	53	69	57	45	92	79	48	94	67	72	71	51	56	81	51	91	51	100	62	140	46	67	70	61	77	68	58	116	44	102	87	98	53	43	123	45	127	88	48	148	59	50	45	55	81	36	105	40	65	76	83	95	66	53	152	63	131	36	34	81	24	59	37	45	70	98	47	94	75	47	45	69	69	46	84	115	93	22	42	100	74	78	116	73	33	77	41	59	30	82	101	66	94	43	42
67	69	32	62	77	34	64	44	50	27	40	49	51	89	74	104	46	61	47	18	70	107	62	34	57	74	9	29	29	70	31	63	80	62	51	40	141	33	50	46	42	49	42	41	33	24	36	92	55	87	26	33	88	72	50	35	78	43	43	24	70	71	46	46	37	58	39	46	52	55	38	46	35	32	70	49	46	51	84	107	66	52	37	71	50	31	35	61	56	76	35	67	53	44	32	59	51	47	50	27	50	46	41	51	42	67	26	64	39	40	43	35	61	32	50	87	52	83	56	72	38	29	56	34	78	73	45	48	29	32	61	39	36	38	47	31	45	43	64	83	38	39	79	37	65	29	38	31	16	49	28	32	36	93	38	49	42	43	24	53	43	36	69	102	63	15	40	39	46	43	84	45	26	77	37	59	25	84	68	52	61	28	37
117	99	51	72	120	67	94	57	79	45	71	50	54	144	86	176	78	45	58	43	95	151	72	46	86	101	13	45	45	101	59	71	102	93	69	63	182	32	91	62	56	84	67	55	54	41	57	179	89	90	45	76	160	78	81	39	99	70	63	34	110	75	76	64	65	90	60	38	63	74	77	58	57	45	123	85	69	67	141	143	115	75	80	87	94	55	65	89	78	111	51	54	78	125	42	83	65	59	96	44	61	85	68	85	51	80	44	125	56	53	71	57	92	76	67	113	50	124	89	90	57	53	100	43	114	91	68	64	63	46	66	39	74	43	91	37	74	56	122	101	58	63	129	68	137	32	43	89	12	69	57	86	66	150	67	87	59	47	58	82	64	26	73	112	83	28	59	83	44	67	98	66	31	70	57	85	29	98	104	92	94	49	58
83	83	40	77	73	58	65	77	79	64	100	51	77	82	74	137	88	55	52	21	66	174	68	27	91	123	22	43	42	112	59	41	80	76	40	52	111	39	46	43	70	69	63	72	73	71	69	135	111	69	48	69	109	56	89	51	70	88	86	38	88	57	51	61	67	69	91	43	74	45	83	85	88	49	127	52	61	82	115	119	128	46	92	70	78	57	46	100	77	62	54	61	56	98	44	65	86	70	58	62	75	67	73	101	48	137	58	112	63	54	56	60	73	114	75	93	30	74	61	89	59	56	78	45	76	89	52	88	65	50	83	53	64	64	72	45	96	94	94	110	73	59	96	37	61	40	52	101	16	62	51	64	48	60	51	80	77	61	46	102	113	47	80	47	85	37	72	65	72	60	75	68	54	66	51	47	42	73	78	79	76	76	46
92	94	75	69	107	63	79	79	85	93	83	74	105	113	95	172	123	60	79	25	67	234	112	52	78	150	26	76	43	109	64	71	98	101	66	66	126	64	81	68	73	86	79	103	80	83	112	131	111	84	48	67	148	83	84	68	88	114	92	53	96	68	79	110	77	82	120	46	95	48	85	96	94	61	169	57	65	89	144	134	153	69	89	81	98	64	94	108	87	71	65	70	81	110	79	95	103	70	70	77	83	104	104	127	67	126	61	119	109	97	77	90	106	162	69	110	66	82	98	125	90	66	84	46	82	99	72	98	78	59	139	61	71	61	80	45	107	78	119	128	75	67	102	61	93	59	46	131	18	81	67	110	68	94	72	76	90	65	60	135	149	48	114	65	124	54	67	84	83	79	85	76	67	78	62	64	66	103	122	96	100	114	50
123	76	64	85	97	50	85	93	51	70	76	59	103	94	90	131	80	64	60	16	93	206	81	47	91	130	19	60	43	109	63	82	83	87	47	52	122	60	78	40	72	66	82	72	76	74	99	108	101	96	62	68	115	74	112	49	79	80	87	44	79	51	85	115	65	84	137	46	118	50	91	76	68	43	122	53	72	81	120	112	106	52	60	95	90	63	56	120	81	86	69	79	52	111	74	75	77	81	76	72	65	84	109	93	50	114	52	89	77	79	71	53	113	139	80	85	55	89	85	113	66	66	75	49	99	98	65	98	74	56	93	71	78	55	58	59	104	91	95	111	70	61	97	47	103	50	59	106	17	73	51	93	52	100	69	85	71	66	57	111	127	55	96	49	102	55	67	80	75	80	102	58	66	103	47	73	56	110	76	96	116	94	47
195	126	91	116	161	147	148	107	128	127	210	122	179	237	454	300	198	106	148	24	124	1006	177	93	151	542	47	124	101	274	88	100	210	205	118	95	276	107	159	152	159	124	117	118	141	109	178	291	190	137	97	152	305	114	163	102	157	257	249	83	119	110	137	157	136	144	1499	58	495	70	132	146	176	88	315	124	135	161	259	358	257	98	147	132	139	81	161	206	167	127	116	91	88	244	124	198	183	125	103	721	172	215	123	279	105	297	103	266	103	188	154	165	239	2135	140	209	76	165	209	293	119	142	184	78	123	165	111	174	535	70	201	97	112	96	164	84	216	182	239	222	143	80	147	98	199	94	54	334	29	86	78	121	116	123	109	134	172	78	105	186	2168	108	225	76	222	47	131	186	147	121	195	178	96	99	90	76	58	137	193	317	219	170	74
69	48	28	31	43	24	45	40	40	34	52	18	41	67	43	124	39	33	77	15	47	80	32	29	75	73	8	35	24	58	21	41	51	52	58	26	109	27	47	35	43	53	31	47	29	32	42	81	59	51	29	33	88	41	48	17	52	58	42	23	49	34	33	34	55	31	37	26	39	43	39	48	41	52	76	38	43	52	90	92	114	29	37	37	65	36	26	78	32	40	29	24	56	64	34	51	60	28	33	27	26	41	30	76	37	55	22	54	26	43	32	25	45	43	48	71	19	70	38	65	36	35	45	23	50	46	47	64	41	27	35	29	34	32	44	29	76	55	48	57	36	33	59	31	42	24	35	59	9	43	22	44	28	46	39	48	39	23	30	65	28	25	56	26	48	20	28	41	38	37	56	33	29	40	35	24	43	56	49	62	44	26	40
52	41	24	44	84	32	89	43	38	28	46	30	46	79	60	221	45	19	41	29	48	83	41	17	141	83	8	43	26	79	39	15	39	96	56	26	115	21	47	38	31	105	37	54	24	31	32	181	55	53	30	36	90	25	37	33	34	48	31	31	36	36	49	36	63	39	46	40	46	55	30	59	30	22	126	57	50	71	89	85	120	23	40	42	74	33	33	113	28	36	31	36	70	65	31	73	40	26	25	20	37	70	34	78	30	74	27	91	29	45	47	45	51	42	42	78	19	80	43	79	45	30	58	23	75	46	27	131	32	20	37	37	51	43	64	18	51	57	65	50	50	42	110	58	46	22	18	45	10	42	32	38	30	54	22	56	65	27	38	57	45	24	43	29	59	23	30	69	39	29	81	42	25	47	25	22	11	55	75	53	45	16	32
25	26	10	14	30	25	27	24	26	11	26	15	16	31	21	78	21	18	23	8	21	49	16	10	36	28	5	14	13	48	14	14	24	38	19	18	51	10	23	21	21	28	16	21	10	10	23	56	23	25	12	22	34	19	20	10	16	22	24	9	22	21	11	23	17	12	13	13	27	22	26	22	15	24	29	11	22	22	41	31	43	12	13	20	24	19	7	30	20	27	10	9	36	24	15	26	19	21	17	13	21	32	16	33	19	20	6	40	13	18	17	23	20	19	18	26	13	32	17	23	20	17	9	11	24	20	16	28	14	16	23	16	13	17	20	10	26	27	22	32	14	18	35	19	23	12	14	21	3	25	5	14	23	19	11	23	27	7	15	22	14	10	24	20	25	11	13	20	21	9	17	16	11	27	19	13	12	19	30	28	20	18	12
45	37	15	30	60	19	53	26	27	20	37	19	22	84	37	117	32	21	40	22	35	64	33	20	62	64	5	24	19	43	20	19	47	61	39	21	67	24	41	20	26	47	17	24	16	16	34	109	43	23	25	45	63	27	38	24	18	41	36	12	27	38	28	28	49	22	33	25	33	24	28	33	29	37	69	34	26	36	53	54	79	15	29	23	44	20	15	65	22	32	22	24	45	45	16	47	35	27	25	10	26	54	27	57	18	36	16	74	15	28	22	30	28	33	21	51	12	46	38	42	27	13	44	19	30	30	21	59	33	13	26	26	33	23	54	17	46	37	42	38	22	27	68	37	54	13	19	46	6	30	15	20	24	27	20	42	24	23	14	22	41	23	49	23	35	13	20	37	37	44	38	27	15	37	12	31	12	39	46	41	40	18	13
26	27	19	19	31	16	19	15	18	9	25	12	16	17	24	43	17	20	24	5	9	40	25	11	18	41	3	19	11	47	18	23	20	29	30	18	57	14	30	13	22	26	18	22	17	12	24	37	27	21	8	10	30	20	32	12	25	24	20	15	32	34	26	18	23	28	20	14	29	26	13	11	20	13	39	11	16	20	30	54	20	14	15	17	16	12	19	22	35	17	18	15	21	32	10	35	26	33	10	11	11	11	18	26	15	20	14	20	19	25	19	16	22	15	15	24	11	18	26	31	17	20	19	10	43	27	14	18	9	16	4	15	22	12	24	16	25	21	28	70	21	21	36	22	22	16	10	21	2	12	11	14	21	38	17	57	17	11	16	23	16	9	23	34	27	7	13	18	12	15	9	24	11	26	14	24	15	18	22	19	27	15	9
30	27	22	24	41	14	32	25	24	21	35	13	18	26	38	66	35	19	24	9	35	47	25	22	39	54	4	25	17	78	26	23	28	48	20	26	80	18	29	20	12	24	30	21	20	16	19	75	25	25	14	19	50	18	41	15	33	22	26	24	35	51	23	27	24	33	24	15	24	44	26	24	33	11	49	23	13	23	70	100	37	23	19	33	36	18	21	41	36	34	24	21	36	42	18	28	22	11	19	11	21	14	22	29	16	35	25	36	18	25	22	22	37	23	17	29	24	47	24	29	23	16	36	31	41	20	25	41	19	21	19	9	22	17	30	19	19	22	36	54	28	24	34	17	45	17	13	22	9	32	14	26	23	51	21	47	27	16	21	23	19	11	32	120	47	11	24	28	33	22	26	32	17	24	22	29	10	43	32	28	29	15	17
22	26	11	12	20	16	10	16	8	16	9	12	12	28	23	31	15	17	22	10	18	34	20	13	19	40	2	12	7	32	6	16	15	13	19	13	50	14	27	13	19	18	16	12	18	9	13	30	17	17	7	12	28	24	17	12	25	19	20	8	31	28	24	10	15	18	12	14	14	25	14	14	19	17	24	15	15	12	40	50	17	21	11	29	10	11	14	21	32	29	15	9	12	16	14	29	16	22	12	7	23	18	9	20	10	23	14	12	10	10	19	11	18	13	17	16	19	39	22	17	13	17	16	11	23	23	21	22	11	12	14	7	17	8	11	11	21	12	21	53	18	1	18	14	26	13	13	15	6	12	13	12	16	36	8	27	15	16	18	13	15	9	31	43	24	7	10	14	13	12	24	12	6	20	12	21	12	14	27	9	20	9	18
22	42	20	29	37	27	36	30	27	18	33	27	19	30	39	51	27	25	41	11	31	52	37	18	29	52	3	21	12	49	18	27	26	32	29	30	73	18	34	15	19	31	28	20	19	11	17	65	41	29	14	21	31	38	41	19	25	40	42	12	39	41	29	23	26	33	18	21	20	21	27	28	38	15	40	24	28	16	46	85	37	22	26	31	25	22	21	39	33	31	20	18	22	38	13	36	31	27	21	14	27	31	16	20	24	40	28	33	31	31	23	24	30	21	36	49	9	32	45	34	24	14	34	19	42	28	26	38	21	23	14	9	26	18	40	18	32	30	48	86	33	27	36	26	50	18	17	32	6	21	18	29	40	54	16	62	23	18	18	28	25	12	34	68	35	12	40	24	23	26	29	25	13	32	13	30	14	28	40	28	43	16	23
102	62	39	66	125	68	125	98	48	58	86	37	81	129	80	310	87	42	96	33	58	150	88	42	159	163	17	89	50	149	84	37	92	131	78	55	178	50	81	56	67	134	69	89	55	44	72	232	111	76	58	83	146	58	92	56	47	83	51	40	99	72	81	86	100	55	97	68	75	64	79	94	75	46	209	94	87	108	146	155	223	46	70	93	115	50	52	161	65	55	52	70	89	105	50	129	83	76	65	62	67	115	74	139	74	129	52	180	47	93	73	64	67	97	96	154	30	134	57	104	69	57	86	40	102	74	47	168	51	39	54	50	94	57	106	56	150	132	94	116	89	59	165	58	113	52	41	123	11	111	46	88	47	67	63	104	103	47	49	109	70	54	91	38	120	46	66	71	80	60	99	61	39	80	50	49	37	98	127	93	105	54	52
84	48	31	55	129	52	122	65	39	33	70	31	58	144	65	313	51	50	66	30	51	129	57	16	159	102	12	57	42	122	44	23	79	106	80	37	130	33	55	47	43	144	34	62	44	39	45	261	101	71	45	63	157	51	73	51	40	61	51	28	53	51	67	48	91	46	71	54	81	66	58	58	56	36	195	98	66	108	127	100	168	34	51	59	79	48	44	127	30	46	56	58	87	81	29	116	32	58	63	40	40	79	54	118	74	112	39	171	40	49	49	61	59	73	76	133	25	114	81	89	55	35	75	30	102	51	30	191	48	33	49	55	65	50	87	34	76	96	97	71	80	46	158	75	90	26	30	80	17	56	27	44	42	60	42	94	83	39	35	107	71	44	79	23	77	34	35	78	41	39	101	70	26	53	27	35	25	70	92	87	84	29	43
61	28	23	44	69	31	59	48	30	39	62	27	41	69	54	153	44	37	54	22	29	81	46	20	94	78	11	29	21	79	39	28	50	77	38	30	93	20	48	38	34	68	41	54	38	37	40	117	72	39	32	38	90	28	58	39	29	52	36	23	56	52	50	58	51	25	53	32	37	35	53	39	59	34	114	37	34	52	86	80	82	31	50	65	69	26	38	94	31	34	51	30	58	46	19	77	42	42	44	32	34	77	41	78	35	72	35	83	33	53	40	35	54	42	46	87	20	80	50	62	31	33	32	27	52	45	31	63	36	17	52	36	38	32	47	32	79	70	58	107	58	36	87	44	45	29	26	97	11	46	28	48	44	32	39	79	60	20	35	69	42	27	57	22	75	33	38	57	33	37	55	40	28	43	32	30	25	51	50	60	76	33	39
75	75	38	46	111	54	97	76	48	52	103	59	67	104	105	201	70	40	81	37	60	116	67	46	113	117	26	58	51	178	52	42	80	101	59	58	151	43	82	59	78	103	46	71	57	51	76	166	121	79	42	63	126	52	71	60	49	81	64	35	75	52	67	82	85	58	210	41	109	54	64	73	74	37	172	73	48	73	122	115	131	47	61	68	89	46	68	118	47	67	49	58	90	83	49	96	61	67	57	141	46	104	72	116	46	96	53	87	51	69	76	53	81	496	83	119	26	97	72	101	54	52	42	47	68	84	46	114	148	43	77	51	76	39	87	38	92	119	101	148	81	64	106	43	97	41	33	88	20	65	39	66	66	77	41	77	69	38	55	125	393	34	77	32	94	32	36	76	54	57	83	55	28	66	46	48	29	94	88	86	89	60	49
30	17	21	27	43	22	29	19	26	16	21	23	19	50	37	64	17	20	16	11	22	33	30	17	27	41	5	25	15	36	15	19	32	46	30	29	45	18	28	18	28	31	12	21	17	15	14	77	29	29	16	30	56	24	32	18	23	27	22	9	24	29	24	16	33	18	31	26	26	24	26	24	25	16	45	39	28	43	51	59	46	15	30	19	31	29	32	44	16	35	9	21	26	32	17	32	25	29	25	15	29	33	25	40	22	36	21	51	22	21	15	21	29	42	31	34	9	27	28	31	21	14	28	15	28	15	22	52	18	11	20	15	37	22	31	22	30	32	25	46	23	15	42	32	46	12	18	40	5	15	19	31	32	24	17	29	27	18	15	17	33	18	24	16	28	17	28	24	30	30	32	20	6	25	18	21	12	29	25	15	38	17	21
33	20	10	24	25	21	33	12	16	23	32	16	20	55	39	85	24	20	16	14	23	46	22	11	38	42	9	20	9	30	25	17	17	45	23	15	47	16	22	17	16	39	14	15	15	15	19	89	20	30	20	29	46	14	26	19	13	22	8	12	29	18	22	11	26	15	27	17	23	24	20	20	25	11	57	37	19	28	48	36	31	16	26	26	17	23	19	39	13	22	11	16	23	33	19	27	15	20	27	19	31	31	26	28	20	34	10	53	15	28	30	18	41	36	25	39	6	31	39	22	20	6	40	12	27	31	19	52	26	11	24	15	32	15	36	15	30	36	29	29	32	20	38	18	29	8	10	16	3	13	7	20	27	25	19	32	23	11	15	30	33	18	13	8	28	5	17	33	32	19	34	20	14	21	22	16	8	20	24	25	26	15	10
33	14	10	21	54	14	29	14	21	15	20	17	10	35	29	67	16	13	20	10	20	41	22	19	29	35	4	18	18	32	22	30	29	41	26	10	58	11	26	20	16	44	18	23	7	14	19	64	19	28	6	14	49	27	20	11	16	19	13	21	30	15	23	15	23	23	14	23	22	15	26	24	24	12	36	22	21	32	35	42	30	16	16	17	20	30	22	24	23	23	17	20	35	33	12	32	22	28	19	14	13	25	21	30	11	40	18	44	14	19	16	22	24	31	23	32	11	27	16	24	21	11	31	12	35	30	25	47	15	17	15	14	28	16	33	18	29	26	39	35	28	26	53	26	58	24	5	17	11	11	16	14	29	26	13	42	20	17	14	17	29	12	20	25	29	18	16	29	25	23	27	20	14	17	16	24	7	20	18	14	32	12	17
54	23	36	36	53	35	49	35	32	25	34	32	42	66	162	185	39	25	47	20	30	62	27	35	80	92	9	43	26	48	35	21	47	55	25	24	72	19	41	35	19	49	25	31	28	23	32	140	42	66	26	40	95	32	24	21	16	36	21	17	34	30	32	26	41	37	377	42	167	24	33	33	35	15	71	71	25	53	80	62	45	18	28	30	42	36	43	55	24	29	28	24	38	35	15	52	31	27	37	274	25	87	36	74	23	41	27	66	23	35	35	28	53	979	18	70	20	34	38	38	27	16	49	30	37	27	34	84	297	16	21	34	54	28	57	27	48	64	65	65	41	28	69	42	111	25	25	37	7	23	15	37	51	32	27	55	34	19	19	55	580	19	45	19	39	15	22	71	40	37	70	39	26	41	18	19	13	45	44	42	48	22	24
159	146	71	83	119	68	86	84	89	46	67	83	84	117	109	179	84	81	77	29	102	157	87	46	102	129	16	68	56	101	79	77	81	113	89	63	142	54	103	55	63	68	67	64	70	57	79	158	87	111	61	62	142	102	108	64	83	100	85	60	120	80	88	126	75	88	77	67	96	53	90	105	69	68	118	56	61	88	172	146	124	67	79	91	101	58	62	100	51	73	76	62	94	126	65	100	108	70	77	62	84	95	102	104	81	118	66	103	60	69	74	65	128	82	82	125	50	104	72	105	70	66	87	56	112	90	73	108	61	73	82	78	79	64	100	48	121	95	124	151	71	85	93	75	120	68	59	77	23	74	54	81	68	101	68	108	98	64	53	100	65	63	125	51	113	52	71	87	60	93	89	69	73	115	63	90	44	148	94	92	116	74	69
145	86	51	66	110	44	66	48	74	49	74	51	56	110	80	118	57	41	67	33	69	123	70	45	60	113	16	46	37	92	72	51	56	93	67	48	134	39	67	47	40	54	59	46	49	45	52	160	56	79	39	57	132	83	68	52	63	75	65	36	101	91	61	56	54	54	56	50	59	58	66	62	56	41	109	44	49	51	148	143	72	56	45	58	71	52	51	75	43	50	44	52	53	100	40	66	81	56	60	47	42	73	77	68	53	85	41	76	52	56	49	60	91	64	62	91	35	52	64	85	50	54	81	45	74	78	45	84	46	52	62	30	62	44	84	36	63	69	77	103	70	69	89	46	114	48	50	61	15	46	40	63	81	107	35	84	41	40	49	67	63	34	90	75	92	33	65	84	54	79	75	48	43	85	40	40	37	76	67	80	70	49	43
179	111	41	61	83	54	63	55	63	35	41	78	42	90	77	118	58	53	63	23	70	94	62	31	60	86	18	41	38	75	54	50	63	73	54	42	123	37	55	48	48	46	42	48	38	33	49	88	54	72	29	48	117	63	54	50	77	78	63	30	91	57	65	67	46	59	42	41	55	35	33	46	44	37	68	39	48	43	114	80	62	44	77	59	78	33	34	78	52	48	40	33	46	79	28	63	94	37	77	26	46	63	55	70	36	72	25	74	41	39	42	40	74	75	50	72	31	69	47	65	36	32	43	25	68	62	46	61	39	46	44	40	48	45	49	39	68	49	75	79	43	53	64	48	122	33	27	40	7	51	33	58	39	59	48	69	48	34	48	56	46	28	103	63	96	27	41	56	41	92	49	46	38	92	38	44	33	70	50	57	69	38	37
209	64	39	42	75	35	57	45	67	41	40	112	43	69	62	116	46	46	56	27	55	83	60	37	54	68	8	28	29	64	33	38	41	62	44	33	81	35	53	22	48	40	34	58	36	18	50	84	59	57	34	47	116	56	58	26	38	35	44	26	71	47	42	54	39	37	30	27	43	36	56	43	57	29	73	52	50	34	108	90	68	38	81	51	68	28	43	60	47	46	28	36	53	75	34	58	107	36	47	29	44	43	44	48	29	61	33	54	37	35	36	35	46	108	56	69	21	37	44	63	24	40	39	21	58	56	34	35	37	39	40	31	48	34	48	25	73	40	92	76	45	27	69	43	113	29	29	46	10	43	40	48	48	60	47	60	38	27	26	47	40	22	113	31	78	31	35	57	34	127	67	28	26	75	26	48	19	69	46	68	50	22	38
154	171	154	163	201	142	165	200	167	167	96	173	195	189	177	206	254	176	128	19	280	232	282	108	193	172	57	120	131	235	131	164	197	145	117	135	148	149	181	133	155	122	163	217	154	142	181	167	230	267	119	98	239	130	255	144	192	124	197	107	261	139	166	172	96	137	165	110	214	107	190	107	189	94	180	125	98	151	246	206	202	177	151	135	224	117	156	285	116	139	188	112	117	126	146	142	184	152	145	105	97	144	230	162	118	169	140	212	141	136	181	111	183	235	192	234	114	124	142	202	166	170	144	133	133	161	137	117	130	165	153	140	111	140	168	97	154	198	141	187	124	105	142	144	172	137	127	177	20	210	142	195	117	218	120	172	115	151	131	216	192	120	240	167	175	111	169	115	99	121	206	122	148	216	149	162	124	230	239	129	211	180	153
130	97	116	114	119	92	93	122	139	120	82	111	126	126	141	138	176	99	88	17	165	211	179	78	127	133	35	87	101	171	109	118	118	106	86	98	99	100	148	75	137	85	95	136	125	104	132	124	177	153	82	70	169	100	187	87	142	105	128	83	148	114	107	129	80	103	201	95	159	101	120	69	136	70	161	75	71	114	183	146	140	113	112	92	160	80	106	167	74	94	122	79	82	108	92	93	122	103	115	99	60	97	149	153	85	121	104	125	109	108	112	75	138	212	115	165	57	78	92	156	114	114	102	83	105	127	102	88	104	117	117	127	88	100	133	53	95	132	101	177	91	56	89	92	139	75	89	138	15	152	108	138	87	154	105	143	78	92	89	155	182	55	193	109	139	63	127	102	85	78	126	108	84	124	94	102	74	130	194	94	144	115	105
154	118	134	114	196	122	111	209	158	189	118	192	203	180	155	174	239	154	116	18	283	266	222	97	162	139	39	116	118	209	131	191	218	109	119	137	141	115	181	112	138	119	128	174	143	102	156	140	248	303	96	88	207	114	288	129	204	115	202	109	268	120	136	184	68	135	186	90	223	95	208	82	146	88	203	90	124	140	278	190	155	166	146	129	161	74	132	258	105	150	195	117	96	132	148	120	173	107	164	90	69	131	213	157	93	170	149	165	128	122	176	86	175	210	174	235	107	112	137	206	135	156	169	133	113	178	133	97	85	155	150	144	97	107	154	67	148	180	158	213	106	70	99	94	155	113	86	181	19	179	136	186	126	247	111	168	85	108	83	229	154	95	255	159	167	76	159	100	78	88	212	124	111	170	126	137	103	223	285	114	178	165	130
84	66	68	68	88	73	48	83	85	86	63	96	95	92	299	95	143	74	62	12	140	221	125	73	87	207	14	65	70	117	72	88	106	76	65	69	74	60	101	79	93	70	69	89	54	63	83	97	98	135	53	52	110	76	107	61	73	62	109	48	122	63	85	94	49	78	1136	53	310	56	106	52	87	64	105	65	53	64	140	119	113	80	76	71	103	49	103	136	52	69	90	65	55	72	62	74	85	69	72	524	56	99	121	104	52	82	72	108	74	57	79	75	78	1324	75	98	50	67	77	135	76	67	62	69	84	84	66	56	320	80	73	69	64	74	73	44	85	108	80	104	66	48	62	63	94	74	67	107	17	94	52	95	68	92	55	86	45	56	61	91	1194	35	142	64	83	46	91	58	57	65	90	75	58	97	56	81	59	112	108	111	114	70	65
69	97	40	67	78	45	75	68	44	45	80	38	72	109	69	205	58	40	73	31	76	94	68	31	95	117	15	75	55	91	54	28	75	97	73	31	112	53	64	49	48	81	36	69	40	33	39	170	92	63	44	66	114	42	46	44	48	69	72	39	65	65	58	71	77	54	58	38	68	52	57	58	47	64	118	59	57	101	109	102	161	29	59	45	93	43	41	114	45	53	28	48	73	84	43	100	72	57	66	29	47	74	48	79	58	71	41	83	33	69	48	61	66	61	74	92	35	82	60	72	46	40	79	36	80	47	40	108	48	39	54	34	58	71	74	41	75	75	81	112	72	64	112	60	89	32	35	55	15	59	35	50	47	57	42	88	92	28	45	86	35	50	67	31	88	27	42	60	52	43	89	54	19	63	35	42	34	90	88	92	73	46	42
74	64	31	51	99	34	70	46	28	34	61	29	49	98	55	215	56	38	59	29	59	87	45	22	108	116	13	48	34	66	47	28	43	112	72	24	100	40	43	40	32	86	27	48	32	19	39	213	81	50	30	38	107	43	63	25	31	79	55	26	51	45	68	36	75	31	35	43	61	51	46	58	50	30	144	55	44	62	96	77	125	37	43	47	72	30	43	108	48	38	44	45	69	74	29	81	39	47	43	30	49	68	41	92	63	87	26	77	30	57	33	49	47	40	54	100	25	75	59	66	44	26	73	22	69	54	36	118	53	24	38	38	57	53	72	23	55	63	62	81	69	44	94	47	71	39	32	26	13	52	30	54	49	47	43	93	68	30	48	67	54	35	51	38	60	21	39	78	41	35	65	44	31	48	32	28	15	72	75	60	61	19	31
46	40	14	35	28	23	45	23	22	24	28	13	31	47	36	115	24	13	26	16	35	44	24	8	57	56	5	24	25	36	29	19	31	52	35	13	68	23	17	24	13	53	17	33	18	19	29	67	36	31	14	43	52	20	30	13	22	38	25	13	29	22	30	27	34	20	29	32	31	28	37	37	28	27	81	32	20	32	55	45	61	26	40	29	35	18	20	55	26	25	21	29	50	47	15	38	30	19	32	18	32	46	26	51	32	49	20	45	27	18	27	27	25	25	26	56	8	35	26	40	16	19	28	26	40	20	23	51	33	13	21	24	36	23	33	27	37	32	32	50	28	30	57	37	38	20	20	24	8	25	21	27	33	34	23	56	40	19	32	37	34	19	37	11	41	12	8	35	40	22	48	23	6	18	17	12	14	47	39	42	47	23	21
41	80	24	48	65	23	61	43	42	24	53	31	34	78	47	99	49	36	57	14	38	84	58	19	59	85	5	43	28	73	44	34	45	63	70	22	78	28	47	33	31	66	42	33	29	26	37	111	78	49	29	35	100	41	40	25	23	59	31	18	42	53	42	31	58	47	37	45	30	39	52	32	72	32	78	48	55	44	68	85	73	19	32	36	69	26	31	73	50	36	29	27	45	84	11	63	38	60	36	35	35	51	23	71	32	50	31	50	30	48	34	31	45	29	40	83	22	48	62	44	29	42	43	24	76	41	35	72	22	35	24	25	47	29	43	31	62	66	69	130	46	25	73	44	51	28	30	61	9	43	21	53	47	42	17	72	36	27	33	53	29	20	45	20	56	43	25	51	34	45	49	43	28	59	29	34	15	59	62	32	58	23	28
35	55	23	28	54	17	35	28	28	15	34	15	26	54	31	113	41	19	29	13	38	46	36	19	52	61	7	33	21	38	35	28	43	57	41	23	73	17	32	26	22	42	22	38	24	6	28	120	40	35	18	17	84	39	27	22	23	40	29	15	42	31	33	24	34	31	35	24	34	50	30	27	43	24	65	42	35	65	53	81	77	17	21	28	35	19	25	49	23	18	20	28	43	40	21	57	29	37	31	21	19	29	29	48	28	60	29	79	27	41	24	27	36	32	36	55	18	40	44	39	24	16	48	24	63	44	20	78	22	22	29	33	40	25	54	25	43	47	54	64	53	30	46	21	46	22	16	29	5	23	21	23	24	37	23	60	35	22	22	43	31	17	36	26	35	15	28	36	26	29	44	43	17	33	13	22	18	47	64	39	42	20	19
58	60	36	42	51	40	73	40	47	28	56	30	34	65	60	112	50	35	55	23	42	83	50	33	89	92	7	37	21	66	58	41	54	75	61	34	116	29	46	36	39	59	51	40	24	24	46	167	56	65	43	33	85	56	48	27	51	64	40	29	69	62	55	47	39	37	31	50	45	39	45	41	53	26	78	49	45	71	122	120	70	39	40	50	62	36	36	64	49	42	47	31	48	85	25	60	55	48	40	39	35	48	34	61	39	70	31	68	45	41	42	31	59	24	48	71	27	59	73	46	32	26	54	39	94	53	41	87	32	32	37	27	62	31	61	29	60	50	74	84	59	36	80	36	66	24	35	40	10	47	31	39	51	73	37	65	58	25	37	43	45	14	45	81	69	20	40	49	41	44	62	56	19	62	30	45	38	61	59	41	49	24	33
46	40	21	37	48	18	39	28	31	29	30	45	24	56	49	120	34	15	31	27	42	62	31	18	53	57	12	23	28	46	29	19	56	39	38	24	78	28	39	41	25	46	12	24	32	11	25	108	50	31	32	38	69	46	35	23	34	46	27	19	45	25	37	31	30	33	31	35	35	42	19	39	38	19	82	26	29	46	64	74	71	25	34	36	49	35	30	53	26	42	32	34	49	43	25	44	32	27	25	19	25	34	35	50	41	59	21	63	27	28	33	26	51	22	34	56	22	40	37	57	30	27	49	27	63	39	27	65	24	24	33	20	30	37	57	23	39	42	48	51	30	32	56	36	49	18	30	25	10	31	25	43	42	62	26	42	35	23	22	34	28	30	34	38	49	14	31	54	34	28	51	33	21	44	21	22	16	51	52	34	42	27	24
53	49	32	48	67	37	63	36	46	35	45	28	31	75	40	106	55	32	67	25	53	63	49	25	70	83	4	39	40	54	32	38	47	81	57	30	76	29	67	33	40	58	43	33	29	32	34	136	68	64	26	27	92	54	53	26	44	51	47	25	59	44	53	43	45	56	33	42	43	34	40	41	62	18	83	20	39	46	71	80	77	54	42	47	56	23	27	74	29	50	24	35	29	61	20	73	38	51	47	23	32	56	28	41	44	52	47	69	35	40	32	33	49	33	54	68	33	45	42	51	32	30	46	35	72	59	33	90	32	32	31	27	49	23	67	27	58	85	50	89	52	23	67	31	72	34	31	64	14	44	17	53	40	59	25	69	38	30	40	52	38	15	46	48	44	22	48	42	35	27	44	47	18	50	24	35	22	54	49	50	66	14	19
17	7	10	17	19	14	21	14	18	13	12	8	11	28	21	37	13	11	21	5	10	28	14	12	24	21	3	16	17	15	14	9	11	18	15	10	22	12	13	9	9	28	14	13	10	7	11	37	21	14	12	14	33	7	13	11	12	21	15	12	15	14	19	12	18	11	13	11	11	14	12	12	13	8	30	7	22	18	34	27	33	7	14	9	17	16	8	33	10	7	10	12	23	17	9	21	18	18	13	14	14	22	11	29	14	16	11	21	7	10	9	15	25	11	17	27	9	27	23	25	14	15	14	15	14	20	8	32	5	9	27	12	18	20	24	6	23	21	15	16	20	8	23	11	20	7	5	18	2	19	11	13	9	10	8	19	19	11	9	21	12	10	12	10	21	7	9	11	11	13	20	11	10	13	8	6	10	28	23	19	13	9	14
14	7	9	9	13	11	9	7	9	7	8	6	12	21	18	34	15	11	17	4	10	28	11	6	11	18	0	13	6	26	8	8	13	13	15	8	17	9	19	14	8	15	11	12	12	11	15	29	23	14	5	12	20	6	15	9	17	9	14	6	12	8	15	5	4	8	12	4	24	6	5	16	15	7	32	5	15	15	29	18	27	6	18	11	13	8	10	12	5	8	8	7	16	25	6	15	13	11	15	7	9	12	8	13	11	17	2	17	12	10	11	8	22	18	16	26	4	20	10	22	11	6	6	10	13	10	4	16	17	8	10	12	10	12	14	5	17	9	13	20	12	8	21	7	12	7	10	16	3	15	7	10	10	14	10	18	9	11	8	13	13	7	13	8	12	7	12	12	13	6	22	12	5	10	12	10	6	17	15	20	22	3	11
9	13	11	12	13	5	9	9	11	18	17	14	8	12	11	19	13	9	12	6	7	16	9	3	13	10	1	7	6	18	2	4	6	13	8	13	16	5	15	17	7	14	9	10	11	15	4	10	13	13	11	7	20	7	10	10	11	12	10	4	18	5	8	15	9	6	13	4	15	10	2	9	10	4	20	11	8	10	17	17	15	8	12	9	10	10	8	17	9	10	6	5	5	16	5	13	11	3	12	5	8	12	7	8	4	14	6	10	8	7	8	10	16	9	14	16	5	8	9	19	10	3	5	5	15	12	9	23	10	3	11	5	8	11	14	6	14	11	10	18	10	10	14	10	10	7	1	8	4	8	10	9	6	11	5	7	12	5	8	19	6	5	12	10	14	7	11	13	11	11	12	7	8	8	9	7	4	17	20	11	10	10	5
13	18	7	14	13	10	11	15	7	11	10	8	10	14	19	19	8	6	9	4	13	23	13	8	12	22	4	5	8	28	11	9	11	16	9	18	15	18	19	8	11	11	8	11	7	8	9	21	21	13	11	7	29	11	20	11	7	14	18	5	9	7	8	15	8	6	50	11	25	8	6	10	17	6	19	9	7	6	25	21	22	5	15	8	15	8	10	15	10	9	13	5	9	7	12	13	9	14	15	35	8	12	12	21	6	14	9	11	14	9	12	8	21	138	9	19	5	14	16	22	16	7	12	6	12	17	11	7	40	6	17	6	9	7	10	8	13	12	18	21	10	10	13	8	18	4	5	11	0	11	11	12	6	13	13	12	11	12	9	16	77	5	10	2	11	6	10	7	10	12	15	14	10	12	10	10	2	17	12	12	17	15	10
11	4	9	7	13	12	9	5	10	7	6	9	10	18	8	31	11	2	11	5	3	10	7	4	21	15	3	7	5	10	8	5	11	15	12	7	19	4	8	4	8	9	5	11	1	4	6	37	13	12	5	8	29	7	5	3	8	8	5	10	10	9	9	6	8	5	8	9	13	7	8	5	6	3	24	9	7	19	14	12	16	6	5	12	13	2	6	11	6	4	8	6	9	10	6	13	4	5	7	6	7	9	7	13	5	16	8	18	2	12	8	8	7	21	5	16	5	8	15	9	9	4	17	9	14	6	8	10	12	5	11	2	13	10	13	7	18	15	9	14	12	7	14	8	9	2	5	11	1	5	6	7	7	8	6	12	8	2	5	18	9	8	5	5	12	3	12	10	7	7	13	12	4	12	6	4	6	7	12	7	10	11	4
9	5	5	6	9	5	7	4	3	2	4	2	4	14	13	19	4	5	9	3	1	9	3	3	8	12	0	1	4	6	4	4	5	5	6	4	12	2	8	2	2	7	1	5	4	3	4	21	11	9	3	8	13	4	5	3	3	6	8	1	5	4	8	8	6	4	11	5	6	4	6	5	7	4	9	7	6	7	10	10	15	2	3	3	3	2	3	3	6	3	6	3	6	7	6	8	3	7	5	6	5	7	6	11	2	14	3	12	5	9	4	9	9	11	2	3	3	15	3	9	3	4	5	1	5	2	3	19	5	3	2	2	7	5	10	3	9	4	10	11	7	4	5	7	9	5	4	4	0	7	8	2	7	11	7	13	5	4	6	8	6	3	6	10	3	5	5	2	5	4	2	6	4	4	3	3	4	8	6	13	7	3	7
5	3	5	4	3	1	12	2	7	4	3	6	4	6	5	20	10	6	10	5	5	10	3	1	4	9	1	2	7	5	2	6	7	8	2	7	3	3	5	6	5	5	3	5	6	4	5	12	5	7	1	4	11	2	1	2	6	9	6	4	8	10	6	3	7	7	9	5	2	3	4	2	3	3	11	10	4	10	11	9	10	3	5	1	6	2	3	7	5	2	3	1	3	7	5	4	5	4	6	4	2	5	4	7	3	11	6	7	1	4	3	5	3	6	6	4	2	6	4	8	4	4	3	2	10	4	3	10	7	1	0	3	5	5	3	1	4	10	6	1	6	2	7	0	12	4	3	6	2	5	4	0	10	5	4	5	5	6	2	5	5	5	3	2	10	4	3	6	3	4	7	6	2	7	4	2	3	9	7	4	4	2	1
8	4	2	7	8	6	5	2	6	4	10	13	5	9	49	32	12	4	3	3	10	9	3	13	15	19	2	7	3	9	7	2	5	8	1	3	12	2	12	8	3	5	4	3	3	2	5	17	2	8	0	6	12	4	7	2	7	9	5	7	10	1	4	4	8	5	100	2	42	5	3	6	3	1	7	12	5	10	11	10	14	2	3	8	4	5	7	7	2	3	2	6	5	3	2	3	5	4	5	112	11	16	10	14	6	9	5	9	4	5	7	3	5	274	7	12	5	4	10	8	6	4	6	5	4	9	3	15	72	7	3	4	5	2	14	5	11	12	12	12	5	4	12	5	15	4	2	6	1	5	0	4	3	6	6	9	3	2	1	6	179	2	7	2	3	5	5	8	4	3	7	6	2	5	5	5	0	6	5	5	9	1	2
155	152	107	122	170	90	155	135	140	97	132	102	118	185	131	266	133	104	129	33	159	221	145	63	139	198	25	114	84	172	102	128	107	152	123	86	215	106	131	89	101	94	111	108	95	76	125	211	153	189	91	87	212	120	122	95	112	137	110	73	169	130	110	128	79	112	91	85	125	92	127	116	116	83	161	93	104	118	247	220	184	84	106	126	145	76	85	162	105	123	99	113	109	194	85	136	116	124	105	68	97	149	124	163	95	180	95	154	102	109	110	89	161	95	140	180	81	129	156	145	81	96	124	67	151	147	107	158	91	98	106	96	121	100	138	72	151	127	192	200	129	79	148	96	145	73	87	98	28	112	85	130	101	147	116	160	125	98	93	144	104	84	130	86	177	71	113	137	96	103	140	119	81	134	86	110	67	158	136	128	163	85	113
110	126	85	93	184	46	105	101	109	61	95	70	85	114	158	180	103	80	133	28	84	154	108	50	105	142	16	55	68	200	77	79	124	129	107	52	389	64	93	71	70	59	94	84	58	50	80	218	108	85	79	74	155	110	104	63	114	111	70	58	111	189	93	76	89	80	75	81	74	101	80	76	80	52	107	76	92	72	186	194	101	98	74	90	123	43	69	128	95	96	56	63	68	145	54	119	105	85	84	53	91	96	84	125	75	101	82	136	67	92	105	67	116	59	73	124	67	172	115	122	59	75	164	93	135	121	78	98	70	83	82	59	65	89	129	62	117	97	118	136	93	72	105	74	138	52	55	81	21	75	65	92	101	176	84	111	51	50	72	93	69	52	84	242	186	55	72	90	91	70	128	80	59	70	48	97	39	130	119	77	120	52	68
103	126	67	82	105	75	80	84	90	56	92	61	98	127	88	180	76	73	82	17	127	135	90	41	82	113	12	76	53	116	64	73	92	80	82	58	159	55	80	53	69	69	81	73	58	65	67	114	98	110	40	64	128	89	82	54	79	102	73	43	84	114	79	77	75	91	64	56	95	47	82	93	67	59	120	60	83	74	138	147	106	66	75	88	83	49	66	105	79	75	72	57	78	95	56	88	88	69	73	43	74	74	65	106	60	114	47	90	75	77	74	65	122	73	106	94	50	97	76	85	55	50	76	56	96	96	71	90	70	71	76	72	80	55	86	42	90	60	139	141	71	74	113	48	109	59	45	64	14	81	53	81	68	91	72	117	58	42	47	68	69	57	102	94	90	37	68	75	59	76	95	76	51	87	55	79	56	134	88	98	111	71	77
161	196	110	121	148	121	125	116	121	89	117	100	124	163	152	221	123	108	150	51	167	219	146	70	118	169	27	82	80	177	110	132	112	165	132	110	211	63	143	77	92	90	121	112	77	87	128	267	145	141	79	99	206	125	137	104	121	149	129	89	214	173	118	142	92	105	99	94	122	101	146	112	147	96	145	95	102	86	272	263	135	112	130	105	177	81	103	189	104	114	105	105	124	183	103	122	104	101	99	65	88	140	106	162	93	123	91	141	114	101	107	96	143	91	133	159	91	136	124	156	119	128	112	85	152	119	107	115	79	95	102	82	118	70	137	81	162	110	185	232	125	84	154	94	197	77	87	105	37	123	71	120	93	163	114	119	98	76	112	125	74	70	158	87	183	62	122	112	117	106	142	117	79	136	85	117	58	173	133	129	164	85	101
114	79	64	103	159	77	135	89	88	74	116	58	118	137	126	273	112	71	69	35	100	165	121	41	124	173	31	117	70	163	113	56	108	121	108	74	170	60	89	82	87	125	67	90	80	64	100	303	153	114	66	96	201	87	89	76	76	120	85	74	95	87	90	76	104	94	160	75	106	84	85	88	103	51	226	94	89	120	186	195	206	77	109	86	123	65	58	156	84	83	84	81	119	126	82	157	88	79	75	71	77	100	77	131	81	176	73	192	98	130	89	74	120	186	118	161	45	126	109	129	92	63	116	58	127	105	58	197	84	60	145	58	95	103	129	63	140	127	109	163	112	80	163	79	101	63	56	114	21	78	68	100	84	99	69	127	109	48	65	135	152	71	123	66	116	56	77	88	72	57	100	98	75	66	72	52	39	101	142	127	127	87	73
133	212	90	106	179	96	180	152	113	114	146	106	164	178	161	344	137	78	94	34	143	342	144	58	215	234	21	125	76	195	109	78	153	180	137	97	203	97	124	105	122	168	95	139	125	94	129	361	175	126	75	97	259	126	125	98	104	179	127	95	112	105	122	151	128	100	235	100	157	119	126	135	121	82	267	126	100	166	218	212	290	95	148	113	165	90	97	170	154	119	97	93	127	145	88	176	131	117	112	115	119	133	128	174	125	201	96	217	122	152	119	137	131	290	125	190	79	135	147	204	130	86	148	82	179	150	83	250	138	67	174	104	141	98	146	73	141	162	173	183	151	98	228	93	145	58	96	168	37	115	93	122	112	118	93	174	128	78	78	168	296	95	173	100	170	75	103	163	115	98	139	116	97	112	77	73	88	136	191	174	142	118	81
119	133	57	82	115	77	121	95	87	71	95	60	100	119	127	217	116	67	74	20	109	177	104	62	124	141	17	66	56	153	81	63	111	103	78	52	146	72	117	63	70	94	71	102	82	64	97	207	110	99	53	72	158	73	95	59	99	117	89	54	92	75	90	108	76	64	162	58	109	68	96	82	82	51	178	74	79	86	130	143	163	62	68	77	112	51	86	125	98	79	89	67	97	113	77	117	96	83	93	71	91	112	106	129	74	154	72	129	70	80	98	76	92	164	92	100	69	103	62	131	69	69	96	63	121	107	71	155	99	62	98	63	88	79	113	58	139	96	119	141	96	72	120	73	89	46	77	125	25	91	68	116	70	91	77	114	98	64	59	125	138	55	114	72	114	50	76	105	74	54	121	77	53	82	78	63	51	120	119	118	94	83	58
227	190	132	137	229	152	168	164	197	163	292	166	232	291	985	391	304	148	188	56	189	1377	253	139	224	1120	98	191	137	371	143	131	264	270	159	121	336	156	239	227	214	136	146	174	160	119	229	490	246	198	131	231	408	197	197	128	203	333	400	108	199	161	163	241	209	191	3811	110	1015	108	173	176	195	129	422	175	169	249	413	480	426	115	154	136	170	111	314	279	252	132	135	117	172	267	146	295	259	179	117	1855	230	313	215	384	133	365	143	335	169	216	145	198	324	5864	171	261	84	225	342	412	217	195	233	114	215	197	132	281	1367	101	283	128	186	140	222	114	253	304	363	337	207	123	199	137	248	145	102	397	40	153	105	160	136	183	142	187	192	97	107	221	5739	140	340	105	278	68	154	273	200	169	220	233	120	170	126	102	106	231	262	465	235	217	90
138	151	59	91	147	85	139	110	91	88	82	75	111	170	118	267	153	70	120	36	120	241	130	47	151	185	27	98	63	160	101	72	122	119	118	69	190	94	101	77	102	139	67	86	75	69	97	235	162	115	103	84	207	105	120	70	81	115	102	45	145	120	102	114	103	76	86	80	114	86	121	95	124	102	231	90	96	141	210	202	204	71	127	100	136	54	80	196	93	71	74	85	114	158	66	142	128	105	65	65	85	122	96	142	92	136	70	134	81	130	101	84	84	89	109	144	45	128	126	136	85	98	134	65	136	119	83	135	68	68	89	67	84	65	111	77	129	142	173	185	84	83	150	85	117	69	67	120	34	108	70	105	107	112	87	184	98	60	86	148	75	55	141	65	133	59	87	81	99	108	150	95	51	120	74	81	48	155	146	138	141	69	74
92	67	46	62	189	57	171	70	57	39	94	30	73	179	97	378	73	47	91	25	82	133	68	35	207	131	16	89	53	123	84	32	108	158	120	35	227	48	67	81	43	168	42	85	44	36	69	369	110	96	53	52	169	62	97	51	50	68	63	50	78	93	71	42	93	49	56	79	86	111	54	62	59	42	193	93	73	121	155	109	224	49	69	55	182	72	44	188	69	47	43	66	114	87	32	158	48	71	54	36	57	90	61	119	98	106	51	150	44	104	47	107	66	68	88	149	28	117	89	114	57	42	120	45	122	88	41	225	47	28	56	50	97	63	115	48	112	105	114	92	106	46	203	87	89	31	43	77	21	73	33	59	63	89	60	138	109	53	38	125	77	60	87	75	95	27	48	84	71	47	124	66	33	66	43	39	21	90	115	114	88	42	42
49	42	22	27	86	33	78	37	35	21	47	31	39	96	42	213	31	25	40	25	49	79	44	17	104	74	9	49	28	74	45	23	68	67	66	26	104	31	38	39	30	87	29	56	30	21	33	175	50	52	38	36	122	34	46	23	21	49	35	23	45	40	36	45	65	34	40	37	44	61	37	47	33	36	126	66	59	67	92	75	122	29	46	34	74	41	25	85	25	42	32	32	61	78	26	87	32	40	34	14	33	59	21	81	63	69	23	85	18	45	32	50	43	45	48	87	16	78	48	65	27	20	56	26	68	48	40	112	36	29	28	39	58	40	55	29	55	67	54	49	51	29	113	40	43	19	28	48	12	47	17	35	28	49	32	67	57	24	26	57	45	43	31	29	67	23	30	58	34	22	82	32	15	35	16	24	23	55	63	63	39	27	24
109	134	64	90	186	58	155	92	78	62	111	39	81	178	116	309	89	65	99	48	91	152	113	46	183	166	14	110	71	180	95	61	117	127	132	39	215	79	92	78	91	130	76	98	38	61	70	367	114	94	73	78	194	72	96	58	60	119	100	72	129	118	95	100	129	79	92	76	104	98	105	81	100	50	239	96	91	134	187	165	258	74	95	79	185	51	65	217	82	72	80	79	99	118	47	183	60	108	80	44	74	101	89	174	89	117	67	156	64	147	69	130	100	86	108	173	48	127	127	138	83	64	113	64	145	97	85	187	78	47	73	61	119	69	160	58	146	150	121	190	106	73	180	83	113	61	54	107	21	100	52	81	102	108	59	192	110	52	73	145	85	60	116	57	159	44	80	102	92	69	135	80	50	104	56	55	35	134	124	109	129	49	72
56	86	52	52	80	36	59	59	66	37	62	55	62	66	98	86	77	51	82	8	51	128	80	43	62	98	11	28	43	142	42	56	63	56	57	40	165	53	70	63	38	31	54	63	38	39	46	91	65	62	42	33	116	72	83	37	86	63	55	39	89	111	66	55	53	64	32	44	52	47	51	54	73	34	51	36	32	40	100	145	49	66	36	54	63	30	47	68	76	61	43	43	37	76	34	67	72	49	25	40	44	52	45	62	46	53	49	52	48	52	55	40	70	36	57	87	57	94	74	69	40	43	88	39	74	74	54	65	26	52	40	26	50	33	50	27	67	55	88	138	47	28	78	65	76	41	40	53	10	56	27	53	36	111	33	123	30	25	44	60	44	20	73	181	98	27	54	30	33	48	61	43	21	59	42	82	43	75	78	34	71	33	51
111	184	106	114	268	74	152	110	146	72	105	108	94	150	189	110	139	92	151	17	147	317	164	101	103	178	21	37	82	364	84	129	180	158	121	89	478	63	115	141	85	84	152	102	71	64	78	183	185	120	65	65	185	153	132	63	243	109	82	68	231	331	141	128	102	98	96	109	78	207	90	106	114	96	121	42	75	71	269	501	131	204	87	168	145	44	89	141	223	196	90	87	62	173	68	119	135	105	83	69	98	90	80	103	83	90	81	86	87	77	95	56	162	64	102	126	161	397	175	157	84	99	253	145	245	178	104	107	54	124	97	45	101	118	100	78	142	108	159	190	86	77	146	87	130	88	90	96	17	117	88	114	107	441	76	166	77	108	94	86	69	28	126	979	210	63	138	83	80	92	142	87	59	136	78	146	48	136	178	78	140	82	97
47	144	42	41	96	47	116	44	66	15	43	39	60	86	110	77	85	51	96	10	70	207	66	38	51	96	6	26	31	131	33	60	142	51	72	49	273	33	75	90	68	38	80	34	34	32	30	129	92	62	44	28	90	97	73	27	141	61	52	56	158	127	62	62	55	57	54	67	48	108	39	37	43	45	89	26	47	41	130	227	50	118	58	147	60	28	36	70	162	155	36	48	33	113	26	65	84	37	25	26	61	43	47	64	31	44	25	56	36	36	64	27	77	43	38	99	72	241	99	93	34	38	68	60	141	89	89	60	18	51	73	25	43	48	50	30	55	43	71	82	32	30	61	46	81	26	63	31	15	53	53	47	45	276	64	101	52	86	36	36	40	17	78	358	93	23	84	31	44	47	82	29	18	37	52	106	29	94	119	41	79	33	62
127	253	117	130	217	81	156	142	128	90	138	105	113	170	182	190	171	149	216	30	154	351	161	104	119	242	28	88	86	275	136	130	196	156	174	119	427	106	174	129	123	97	148	102	87	79	103	277	225	150	79	84	226	205	164	74	228	172	117	69	220	230	136	124	90	126	97	125	118	146	121	103	205	68	164	72	113	115	301	414	162	175	111	165	160	65	93	157	213	188	86	87	86	176	77	191	160	137	79	84	124	141	101	139	119	139	102	143	111	116	126	90	171	72	133	216	113	227	199	173	100	96	178	93	250	186	137	125	71	143	115	71	152	125	136	98	194	121	212	323	122	101	153	130	208	99	105	151	30	115	80	105	162	333	74	245	118	78	112	122	105	45	164	430	187	84	151	114	126	116	132	110	71	164	115	165	82	185	200	103	156	93	111
88	72	46	70	107	47	112	73	43	52	73	41	66	168	91	327	94	45	98	31	73	135	67	45	193	127	23	86	43	161	77	40	85	126	111	44	156	44	79	71	50	127	47	100	48	49	71	259	134	92	68	65	178	55	57	60	41	89	55	49	81	67	101	66	114	52	116	57	82	80	79	74	74	32	214	88	98	128	161	141	235	56	97	66	122	72	55	158	46	52	68	73	109	109	34	162	55	85	59	57	52	88	66	153	75	125	71	182	47	76	66	84	72	76	87	135	35	116	91	115	81	46	120	33	117	73	48	188	55	50	76	69	78	55	101	53	115	122	89	87	91	61	174	75	92	41	38	106	20	76	40	70	47	73	53	118	116	41	57	114	86	41	87	24	88	35	48	81	65	49	120	65	32	81	54	47	42	80	120	87	113	50	54
100	67	45	62	127	64	138	97	59	47	69	44	74	156	91	310	79	53	89	33	67	125	59	32	172	108	20	77	50	165	53	37	100	114	94	42	137	50	86	65	42	163	54	81	76	44	63	290	112	99	71	72	203	55	86	57	51	83	59	50	100	55	72	74	106	67	80	62	95	77	80	86	77	30	224	90	92	97	182	126	237	43	80	84	153	48	67	170	48	62	52	70	79	106	54	137	49	77	65	47	60	107	79	137	77	100	58	151	49	86	83	68	86	80	95	173	28	99	75	121	81	44	77	29	110	90	35	208	67	48	51	61	80	57	99	57	102	120	97	104	93	56	164	83	106	36	47	120	12	87	26	74	57	68	51	111	105	36	67	138	95	55	83	27	105	37	66	73	76	41	116	85	48	92	45	61	38	76	115	112	110	69	64
80	68	20	43	72	61	73	66	58	52	62	36	57	104	69	177	63	36	62	17	52	88	65	35	101	78	25	58	41	203	42	28	67	75	61	37	85	45	69	61	39	84	40	71	54	42	51	130	89	74	38	50	154	47	67	62	48	60	33	35	78	41	55	59	59	39	66	53	77	38	66	61	77	32	175	60	53	68	141	101	119	46	63	59	104	40	47	110	39	52	52	48	73	73	59	67	40	55	67	42	26	75	46	108	48	71	59	78	65	45	57	46	64	56	56	110	25	79	53	99	66	52	49	28	63	84	34	105	35	33	58	37	42	41	60	38	87	79	74	111	68	42	105	35	65	36	35	91	11	50	33	71	48	50	47	82	57	33	48	85	42	26	67	24	99	37	49	49	49	39	85	51	41	57	40	47	32	70	70	66	89	59	43
188	177	100	101	179	104	118	156	115	134	114	103	135	186	194	294	150	97	130	45	139	263	154	106	175	185	48	117	94	423	83	90	158	126	118	111	231	95	166	136	109	152	132	147	163	94	107	272	211	140	93	102	302	162	189	146	96	160	115	68	199	139	125	150	124	99	322	61	187	84	151	110	193	78	290	117	134	109	296	256	233	108	156	149	206	80	105	221	86	89	125	112	107	171	89	138	122	105	122	229	86	174	116	220	99	183	125	161	149	96	162	85	136	701	165	221	98	155	130	212	127	128	69	74	143	169	94	161	205	67	109	79	128	102	161	89	198	164	219	319	116	101	163	88	165	70	64	240	32	129	74	116	95	149	114	177	136	60	105	173	540	58	132	79	220	80	99	78	111	102	167	117	71	143	99	149	66	157	153	141	174	129	123
68	37	21	47	80	25	58	47	57	25	45	29	35	70	69	140	35	36	37	23	35	61	38	48	58	76	6	45	30	63	41	29	44	53	44	32	92	25	59	35	27	57	34	39	34	28	28	115	51	54	30	45	76	29	36	30	23	39	43	23	47	31	38	39	47	29	59	40	48	53	34	41	46	26	92	48	38	56	85	89	74	26	48	45	52	29	34	49	37	58	29	29	55	42	25	64	22	43	38	49	32	41	40	64	42	56	34	69	27	37	47	46	37	99	39	51	27	42	46	35	39	30	42	28	51	52	34	78	51	45	29	38	46	35	65	30	51	66	63	78	62	24	72	48	66	20	22	49	8	42	34	43	53	69	38	57	62	19	27	37	94	20	38	36	38	24	28	44	55	46	54	33	22	46	40	27	16	36	53	33	62	18	27
46	23	29	34	47	34	42	27	18	21	27	25	33	57	59	136	24	27	34	21	36	53	19	26	56	51	10	30	24	50	31	31	32	43	39	22	61	25	31	33	20	51	14	27	18	31	32	95	30	44	15	23	66	27	37	16	17	44	22	17	41	19	28	25	40	39	57	27	51	25	34	34	37	22	68	45	22	50	64	62	62	29	24	36	32	29	27	46	20	23	27	22	45	38	31	42	13	31	42	46	28	35	32	52	15	51	29	61	15	28	28	42	37	128	32	57	12	40	35	30	28	19	30	25	45	40	30	74	58	18	30	22	44	33	52	18	44	53	46	58	41	31	42	30	58	21	13	32	5	18	23	27	42	39	29	53	45	15	17	37	92	19	48	22	42	8	25	45	47	25	54	35	13	34	15	21	14	36	36	31	41	31	24
36	33	25	25	46	17	35	27	29	16	31	19	29	50	36	114	22	19	23	10	23	45	23	21	35	48	9	16	14	44	18	26	39	40	32	17	87	23	36	33	21	55	17	25	23	19	23	84	42	32	17	30	75	38	30	18	25	36	23	23	37	21	20	32	27	26	46	37	43	31	26	26	33	11	58	32	20	35	54	56	40	26	31	25	29	23	24	37	26	40	19	16	37	42	9	43	14	32	27	25	26	42	23	35	19	38	23	48	15	25	25	17	36	73	23	39	14	30	30	27	22	25	36	9	40	26	41	54	41	19	26	27	34	25	44	24	37	25	43	62	33	12	53	41	39	21	12	22	5	33	23	24	32	37	22	28	20	12	25	26	61	12	24	22	29	10	25	27	31	24	34	32	9	21	23	23	17	48	45	25	37	20	19
167	61	85	95	104	90	99	44	93	58	118	106	72	172	831	501	78	54	128	60	63	142	77	171	197	294	17	107	63	136	87	81	105	143	95	61	214	96	97	102	57	112	46	87	64	52	62	339	117	105	38	121	194	62	77	50	47	91	65	53	76	82	67	76	91	99	2240	77	838	74	79	65	89	40	202	212	63	134	242	164	124	60	75	105	103	69	126	108	67	90	66	51	116	82	74	121	46	84	61	1838	73	239	109	191	76	100	59	156	50	76	68	92	143	5943	77	139	33	92	142	90	66	51	101	82	95	97	65	222	1721	42	74	63	129	88	145	43	111	174	209	161	118	56	136	107	305	61	43	76	21	82	58	79	170	66	76	123	82	53	68	89	3802	61	150	59	69	19	70	127	93	70	156	96	33	116	37	65	33	111	129	86	132	48	48
